year,person_monthly_resource_cost
2008,17816.31987560984
2009,19135.569715365527
2010,19568.473948648018
2011,19629.741433780335
2012,19486.194974290487
2013,19958.33652888398
2014,20412.84308207857
2015,20897.188758924603
2016,21206.108392809405
2017,21412.429646194
2018,21871.03180227851
2019,21877.72800993199
